Folder,Image,LL Energy,LH Energy,HL Energy,HH Energy
Deepfakes,000_003_dft.png,82663879.75,140920.75,161962.75,83349.75
Deepfakes,001_870_dft.png,80376795.25,180395.25,201458.25,110548.25
Deepfakes,002_006_dft.png,97891207.75,378294.75,563675.75,350048.75
Deepfakes,003_000_dft.png,87631629.5,430060.5,117926.5,54971.5
Deepfakes,004_982_dft.png,119491327,431973,225064,171500
Deepfakes,005_010_dft.png,113166488.8,184713.75,205309.75,97962.75
Deepfakes,006_002_dft.png,97158539,215174,405902,152829
Deepfakes,007_132_dft.png,88574925.25,234380.25,500474.25,174907.25
Deepfakes,008_990_dft.png,99078895.75,777052.75,267326.75,197419.75
Deepfakes,009_027_dft.png,123379242.5,519866.5,532174.5,412708.5
Deepfakes,010_005_dft.png,94062853.75,224883.75,215105.75,148395.75
Deepfakes,011_805_dft.png,64846874.75,160420.75,171306.75,97110.75
Deepfakes,012_026_dft.png,96153716.25,207595.25,280850.25,184691.25
Deepfakes,013_883_dft.png,79606868.5,206703.5,229555.5,146960.5
Deepfakes,014_790_dft.png,125809300,249378,228536,132858
Deepfakes,015_919_dft.png,92231535,245464,225846,112763
Deepfakes,016_209_dft.png,103133324.5,299170.5,194544.5,117332.5
Deepfakes,017_803_dft.png,78711086.75,162636.75,178696.75,93564.75
Deepfakes,018_019_dft.png,90514986.75,289275.75,316622.75,123337.75
Deepfakes,019_018_dft.png,75775904.5,142118.5,217642.5,93638.5
Deepfakes,020_344_dft.png,91178683,166120,349412,107147
Deepfakes,021_312_dft.png,118013226.3,592064.25,801331.25,505801.25
Deepfakes,022_489_dft.png,94304929.25,422460.25,594452.25,364765.25
Deepfakes,023_923_dft.png,104734274,228747,202781,104906
Deepfakes,024_073_dft.png,87058312,302207,166901,92538
Deepfakes,025_067_dft.png,82302919.75,287535.75,658781.75,235041.75
Deepfakes,026_012_dft.png,111770059.3,335027.25,302518.25,213960.25
Deepfakes,027_009_dft.png,104696092.8,344469.75,202133.75,97322.75
Deepfakes,028_068_dft.png,86656532.25,199794.25,164593.25,110059.25
Deepfakes,029_048_dft.png,82611661.5,218193.5,187250.5,89404.5
Deepfakes,030_193_dft.png,96131407.75,157665.75,150143.75,104051.75
Deepfakes,031_163_dft.png,112855271.5,137024.5,290416.5,72157.5
Deepfakes,032_944_dft.png,79905195,187959,176200,117940
Deepfakes,033_097_dft.png,90878047,304283,193887,118277
Deepfakes,034_590_dft.png,122596945,305148,360468,209835
Deepfakes,035_036_dft.png,73516167.25,175318.25,277157.25,116696.25
Deepfakes,036_035_dft.png,82307107,107290,195017,69228
Deepfakes,037_072_dft.png,84228231.25,522338.25,220722.25,151201.25
Deepfakes,038_125_dft.png,79254033,111698,106624,46863
Deepfakes,039_058_dft.png,95572099.5,415433.5,386166.5,300780.5
Deepfakes,040_997_dft.png,76854465.75,201595.75,336545.75,120617.75
Deepfakes,041_063_dft.png,102052313.8,361899.75,267496.75,117814.75
Deepfakes,042_084_dft.png,76625639.25,106488.25,124190.25,49359.25
Deepfakes,043_110_dft.png,81916581.25,220918.25,264625.25,126024.25
Deepfakes,044_945_dft.png,69484446,141578,128523,56687
Deepfakes,045_889_dft.png,55844551,157611,157067,64333
Deepfakes,046_904_dft.png,61730642,144624,147468,61198
Deepfakes,047_862_dft.png,96471069.5,437844.5,584107.5,379920.5
Deepfakes,048_029_dft.png,111425755.3,426285.25,212294.25,143800.25
Deepfakes,049_946_dft.png,101648961.3,139584.25,329295.25,107290.25
Deepfakes,050_059_dft.png,80513564.25,359707.25,540803.25,266140.25
Deepfakes,051_332_dft.png,100351156.5,431418.5,390790.5,285528.5
Deepfakes,052_108_dft.png,95609936.5,146753.5,133028.5,79505.5
Deepfakes,053_095_dft.png,93345751.5,357635.5,332336.5,229152.5
Deepfakes,054_071_dft.png,109895338.8,366568.75,298260.75,246532.75
Deepfakes,055_147_dft.png,112481764.3,254684.25,388745.25,182799.25
Deepfakes,056_996_dft.png,66291426.75,217113.75,278229.75,126956.75
Deepfakes,057_070_dft.png,88620905.25,93806.25,126506.25,51215.25
Deepfakes,058_039_dft.png,105826570.8,168713.75,361244.75,112817.75
Deepfakes,059_050_dft.png,86903230.25,259889.25,142306.25,76671.25
Deepfakes,060_088_dft.png,84116710.25,113847.25,140690.25,46557.25
Deepfakes,061_080_dft.png,94864079.5,489654.5,224175.5,174768.5
Deepfakes,062_066_dft.png,78615291.5,205362.5,215279.5,125882.5
Deepfakes,063_041_dft.png,83221805.25,422805.25,188985.25,79755.25
Deepfakes,064_991_dft.png,84084231,223504,303790,137371
Deepfakes,065_089_dft.png,84383540.5,111324.5,172059.5,62933.5
Deepfakes,066_062_dft.png,99495639.25,394811.25,467706.25,100834.25
Deepfakes,067_025_dft.png,80122882.75,393436.75,239210.75,220914.75
Deepfakes,068_028_dft.png,84006462,80229,142114,37767
Deepfakes,069_961_dft.png,86482901.5,189730.5,158244.5,79847.5
Deepfakes,070_057_dft.png,91836709.25,173740.25,194162.25,101403.25
Deepfakes,071_054_dft.png,86508697,106308,135001,42344
Deepfakes,072_037_dft.png,95954192.5,289650.5,213591.5,127999.5
Deepfakes,073_024_dft.png,70070025,214981,251077,140215
Deepfakes,074_825_dft.png,64505690.25,247808.25,264763.25,161091.25
Deepfakes,075_977_dft.png,84723669.5,160770.5,146405.5,79470.5
Deepfakes,076_079_dft.png,76303714.25,277377.25,211453.25,164398.25
Deepfakes,077_100_dft.png,83237397.75,209325.75,227609.75,125545.75
Deepfakes,078_955_dft.png,84596832.25,342642.25,294459.25,209873.25
Deepfakes,079_076_dft.png,75493749.5,122301.5,157777.5,57755.5
Deepfakes,080_061_dft.png,94093142.5,376421.5,338437.5,265122.5
Deepfakes,081_087_dft.png,103090865.5,291815.5,573115.5,189913.5
Deepfakes,082_103_dft.png,90001453,369504,318989,244432
Deepfakes,083_213_dft.png,112306371,484010,438396,279713
Deepfakes,084_042_dft.png,63079644.25,189650.25,177409.25,97599.25
Deepfakes,085_124_dft.png,91708232,277309,211083,138690
Deepfakes,086_090_dft.png,77156285.75,380778.75,216823.75,113460.75
Deepfakes,087_081_dft.png,110141489.8,351627.75,732080.75,295400.75
Deepfakes,088_060_dft.png,99500486.75,74699.75,154061.75,33668.75
Deepfakes,089_065_dft.png,70328615.25,178847.25,190331.25,115777.25
Deepfakes,090_086_dft.png,90815565,98234,172630,50369
Deepfakes,091_116_dft.png,100495254.3,327184.25,241576.25,158486.25
Deepfakes,092_098_dft.png,89000313,236180,303199,161494
Deepfakes,093_121_dft.png,61600682,111301,97091,35744
Deepfakes,094_111_dft.png,75935269.75,165399.75,164629.75,83311.75
Deepfakes,095_053_dft.png,91134524.5,130264.5,176055.5,85111.5
Deepfakes,096_101_dft.png,77872014.25,268084.25,328562.25,188232.25
Deepfakes,097_033_dft.png,98450901.75,297578.75,298065.75,211162.75
Deepfakes,098_092_dft.png,86422703.5,494247.5,213981.5,148157.5
Deepfakes,099_295_dft.png,63174973.25,191202.25,199075.25,98076.25
Deepfakes,100_077_dft.png,91516898.5,255860.5,315727.5,196285.5
Deepfakes,101_096_dft.png,112205817.3,309369.25,363698.25,125202.25
Deepfakes,102_114_dft.png,96774108.75,229588.75,299401.75,172921.75
Deepfakes,103_082_dft.png,86886772.5,103709.5,139363.5,50494.5
Deepfakes,104_126_dft.png,99042764.5,125418.5,94909.5,41889.5
Deepfakes,105_180_dft.png,88094270.75,156711.75,129946.75,62903.75
Deepfakes,106_198_dft.png,93883655.75,698254.75,373607.75,288594.75
Deepfakes,107_109_dft.png,93126557,203801,294574,143178
Deepfakes,108_052_dft.png,86624712.75,288390.75,492031.75,115085.75
Deepfakes,109_107_dft.png,120358641,353047,301505,240677
Deepfakes,110_043_dft.png,77390618.25,141563.25,396342.25,67821.25
Deepfakes,111_094_dft.png,130397128.5,561790.5,792543.5,393111.5
Deepfakes,112_892_dft.png,61508563.5,115498.5,115777.5,47242.5
Deepfakes,113_983_dft.png,73961496.25,243278.25,230484.25,141074.25
Deepfakes,114_102_dft.png,126358493.5,175989.5,269992.5,103790.5
Deepfakes,115_939_dft.png,74542200,206651,245354,150341
Deepfakes,116_091_dft.png,96144246.75,185766.75,201300.75,116464.75
Deepfakes,117_217_dft.png,83590963.75,170418.75,183644.75,138407.75
Deepfakes,118_120_dft.png,110219578.3,261811.25,390724.25,213379.25
Deepfakes,119_123_dft.png,75377191.75,272247.75,253520.75,158936.75
Deepfakes,120_118_dft.png,88134551,215354,220518,134349
Deepfakes,121_093_dft.png,92464886.25,151955.25,140162.25,62999.25
Deepfakes,122_144_dft.png,111113672.5,435677.5,200365.5,172694.5
Deepfakes,123_119_dft.png,78493833.75,221412.75,199050.75,121605.75
Deepfakes,124_085_dft.png,102240169.8,451787.75,196394.75,89378.75
Deepfakes,125_038_dft.png,68925547.75,256251.75,298738.75,162252.75
Deepfakes,126_104_dft.png,86165543.5,83668.5,108760.5,43985.5
Deepfakes,127_129_dft.png,93423910,441638,298309,252505
Deepfakes,128_896_dft.png,100894315.3,238212.25,336463.25,204808.25
Deepfakes,129_127_dft.png,89279964.5,274889.5,263778.5,135821.5
Deepfakes,130_139_dft.png,77825805.75,76596.75,113771.75,32554.75
Deepfakes,131_518_dft.png,114933442.5,276852.5,437073.5,210203.5
Deepfakes,132_007_dft.png,105171433.3,302382.25,333304.25,200079.25
Deepfakes,133_148_dft.png,121694458.3,799912.25,475098.25,351962.25
Deepfakes,134_192_dft.png,78823459.25,199097.25,231398.25,112856.25
Deepfakes,135_880_dft.png,108186437,161183,246210,114270
Deepfakes,136_285_dft.png,66953994.5,141039.5,187416.5,73237.5
Deepfakes,137_165_dft.png,136633186.5,313269.5,357479.5,242488.5
Deepfakes,138_142_dft.png,94489926,419324,549981,347103
Deepfakes,139_130_dft.png,94659406.75,201793.75,422731.75,136070.75
Deepfakes,140_143_dft.png,87951137.5,234373.5,121092.5,59622.5
Deepfakes,141_161_dft.png,72578197.75,155255.75,154916.75,88080.75
Deepfakes,142_138_dft.png,122885851,95230,179554,52063
Deepfakes,143_140_dft.png,70201119.5,227946.5,218062.5,94889.5
Deepfakes,144_122_dft.png,82532446.5,315926.5,185503.5,171923.5
Deepfakes,145_299_dft.png,98917728.5,257290.5,450140.5,235468.5
Deepfakes,146_256_dft.png,68037031,157816,161034,69129
Deepfakes,147_055_dft.png,80641692.25,152502.25,137702.25,71640.25
Deepfakes,148_133_dft.png,86458985.25,236778.25,261393.25,147794.25
Deepfakes,149_152_dft.png,78824073.75,252690.75,287778.75,152447.75
Deepfakes,150_153_dft.png,111142549.5,212167.5,370456.5,111640.5
Deepfakes,151_225_dft.png,91224002,223257,276476,158683
Deepfakes,152_149_dft.png,100159943.5,399523.5,468557.5,311061.5
Deepfakes,153_150_dft.png,82888695.5,108168.5,129648.5,59325.5
Deepfakes,154_386_dft.png,75443245.75,233127.75,182044.75,108984.75
Deepfakes,155_576_dft.png,78083028.75,234666.75,249057.75,160291.75
Deepfakes,156_243_dft.png,108069379,295940,236570,84953
Deepfakes,157_245_dft.png,87031426.25,247828.25,299825.25,199405.25
Deepfakes,158_379_dft.png,93723617,333924,322169,222220
Deepfakes,159_175_dft.png,89342589.25,111869.25,331574.25,71148.25
Deepfakes,160_928_dft.png,69490321.5,204406.5,155408.5,83345.5
Deepfakes,161_141_dft.png,131524163,317931,434071,265463
Deepfakes,162_330_dft.png,86476407.75,209307.75,169001.75,113745.75
Deepfakes,163_031_dft.png,108072392,583662,656420,484858
Deepfakes,164_216_dft.png,81385700.25,222580.25,241661.25,148263.25
Deepfakes,165_137_dft.png,97223987.25,352679.25,265981.25,122175.25
Deepfakes,166_167_dft.png,100906913,553427,241177,161027
Deepfakes,167_166_dft.png,85356688.5,433812.5,227558.5,158566.5
Deepfakes,168_222_dft.png,99825946.75,452640.75,327111.75,275703.75
Deepfakes,169_227_dft.png,86828169.75,341302.75,158954.75,59483.75
Deepfakes,170_186_dft.png,60899782.5,104242.5,169035.5,45465.5
Deepfakes,171_173_dft.png,72941141.25,167752.25,186922.25,95099.25
Deepfakes,172_582_dft.png,92185692,263425,330943,198230
Deepfakes,173_171_dft.png,74119542,137195,152144,63473
Deepfakes,174_964_dft.png,82048873.25,411059.25,454279.25,348507.25
Deepfakes,175_159_dft.png,78596968,123879,118501,50660
Deepfakes,176_190_dft.png,98901949.25,168933.25,138117.25,95859.25
Deepfakes,177_211_dft.png,75448023.5,135952.5,121206.5,67503.5
Deepfakes,178_598_dft.png,115911638.5,644131.5,559117.5,357604.5
Deepfakes,179_212_dft.png,96071464,216501,258390,131425
Deepfakes,180_105_dft.png,107865799.8,522635.75,188076.75,132288.75
Deepfakes,181_199_dft.png,94147579.25,366213.25,289135.25,210653.25
Deepfakes,182_242_dft.png,79216990.25,231270.25,236617.25,160223.25
Deepfakes,183_253_dft.png,87209239,234052,350425,162056
Deepfakes,184_205_dft.png,120541486.8,568526.75,694339.75,546539.75
Deepfakes,185_276_dft.png,89661348.5,178022.5,201100.5,101714.5
Deepfakes,186_170_dft.png,96978226.5,671311.5,491984.5,496867.5
Deepfakes,187_234_dft.png,72403945.25,159125.25,158524.25,81296.25
Deepfakes,188_191_dft.png,93821281,242478,217002,145275
Deepfakes,189_200_dft.png,95550455,198006,199613,105562
Deepfakes,190_176_dft.png,66031412.25,295192.25,135704.25,66478.25
Deepfakes,191_188_dft.png,63038801.75,159860.75,186541.75,72998.75
Deepfakes,192_134_dft.png,77045891.5,231495.5,217495.5,127119.5
Deepfakes,193_030_dft.png,76122551,97993,290083,62735
Deepfakes,194_235_dft.png,125704854.8,619569.75,640358.75,445495.75
Deepfakes,195_442_dft.png,73033172.5,174815.5,239574.5,115515.5
Deepfakes,196_310_dft.png,84204075,275665,419409,188153
Deepfakes,197_224_dft.png,93621190.5,422124.5,259248.5,164454.5
Deepfakes,198_106_dft.png,94182380,560466,566440,333546
Deepfakes,199_181_dft.png,97208271,293304,278453,162044
Deepfakes,200_189_dft.png,96104642,86584,176698,43694
Deepfakes,201_203_dft.png,93752699,264465,231403,149439
Deepfakes,202_348_dft.png,83421062,363154,167382,100882
Deepfakes,203_201_dft.png,127037338.3,188114.25,152227.25,103603.25
Deepfakes,204_230_dft.png,82819292.25,107473.25,285384.25,78845.25
Deepfakes,205_184_dft.png,82151735.25,269314.25,283038.25,209465.25
Deepfakes,206_221_dft.png,115800327.8,746336.75,718627.75,554720.75
Deepfakes,207_908_dft.png,56858174,131008,161171,59407
Deepfakes,208_215_dft.png,90512273.25,191682.25,194724.25,118773.25
Deepfakes,209_016_dft.png,98909399.25,170202.25,177299.25,74722.25
Deepfakes,210_241_dft.png,107422058.5,404457.5,359028.5,169647.5
Deepfakes,211_177_dft.png,77886297.5,272761.5,286482.5,179082.5
Deepfakes,212_179_dft.png,91742653.5,230626.5,225916.5,128271.5
Deepfakes,213_083_dft.png,89341323.5,192530.5,139698.5,76439.5
Deepfakes,214_255_dft.png,86765335.75,105884.75,113222.75,45071.75
Deepfakes,215_208_dft.png,100493519,255936,366893,200316
Deepfakes,216_164_dft.png,80692351.25,157237.25,170399.25,103801.25
Deepfakes,217_117_dft.png,62331811.5,146228.5,144896.5,82189.5
Deepfakes,218_239_dft.png,104175985.5,688253.5,640211.5,244625.5
Deepfakes,219_220_dft.png,80997021.5,136264.5,188139.5,75064.5
Deepfakes,220_219_dft.png,119029207.8,182984.75,382076.75,129871.75
Deepfakes,221_206_dft.png,106633317.5,557435.5,380806.5,339292.5
Deepfakes,222_168_dft.png,86506436,279702,220583,111473
Deepfakes,223_586_dft.png,59122261.75,197192.75,229865.75,108494.75
Deepfakes,224_197_dft.png,97854717.25,176056.25,185285.25,111590.25
Deepfakes,225_151_dft.png,85240734.25,167220.25,287445.25,130557.25
Deepfakes,226_491_dft.png,102250881.8,338063.75,268145.75,171743.75
Deepfakes,227_169_dft.png,105403325,271415,301967,202971
Deepfakes,228_289_dft.png,76463728,282956,285132,201286
Deepfakes,229_247_dft.png,96321175.75,588528.75,331520.75,207083.75
Deepfakes,230_204_dft.png,80573579.5,223731.5,280237.5,145873.5
Deepfakes,231_663_dft.png,100556535,393296,417567,207478
Deepfakes,232_248_dft.png,86961737.75,172879.75,114900.75,56250.75
Deepfakes,233_995_dft.png,71179629.75,236693.75,291774.75,162960.75
Deepfakes,234_187_dft.png,60275995.5,149575.5,129026.5,60342.5
Deepfakes,235_194_dft.png,82984303,167670,232413,115992
Deepfakes,236_237_dft.png,98140002.5,322882.5,192754.5,103748.5
Deepfakes,237_236_dft.png,75603433.75,268702.75,287589.75,181096.75
Deepfakes,238_282_dft.png,85950083.25,205097.25,213340.25,123446.25
Deepfakes,239_218_dft.png,91987124.25,310131.25,357004.25,69013.25
Deepfakes,240_290_dft.png,94725318.5,295709.5,324337.5,182688.5
Deepfakes,241_210_dft.png,92823027,326950,354712,231619
Deepfakes,242_182_dft.png,84546277,144689,146415,76057
Deepfakes,243_156_dft.png,79584113,187359,84486,47690
Deepfakes,244_822_dft.png,60040384.75,190688.75,181666.75,73702.75
Deepfakes,245_157_dft.png,94143470.25,419614.25,371135.25,285727.25
Deepfakes,246_258_dft.png,83416896,188979,242086,112049
Deepfakes,247_229_dft.png,92392658,84077,107031,38740
Deepfakes,248_232_dft.png,100554476,112667,315953,71270
Deepfakes,249_280_dft.png,73913115.5,119833.5,149506.5,53784.5
Deepfakes,250_461_dft.png,104952181.3,364066.25,394699.25,343570.25
Deepfakes,251_375_dft.png,86823979.5,355431.5,337366.5,249260.5
Deepfakes,252_266_dft.png,81323551,357943,192383,97935
Deepfakes,253_183_dft.png,67939189,125426,143226,59813
Deepfakes,254_261_dft.png,77612353.75,304331.75,334507.75,228709.75
Deepfakes,255_214_dft.png,71627162,134196,141908,57906
Deepfakes,256_146_dft.png,64238750.25,111239.25,126654.25,45331.25
Deepfakes,257_420_dft.png,94101774.25,116197.25,113402.25,39691.25
Deepfakes,258_246_dft.png,80960395.25,113675.25,173243.25,64369.25
Deepfakes,259_345_dft.png,107640728.8,350208.75,503949.75,115029.75
Deepfakes,260_331_dft.png,87058264.5,131695.5,223601.5,73520.5
Deepfakes,261_254_dft.png,104403793,540916,698194,421161
Deepfakes,262_301_dft.png,97039464.75,147407.75,335949.75,90096.75
Deepfakes,263_284_dft.png,68506564.75,119914.75,136663.75,55245.75
Deepfakes,264_271_dft.png,80493818.75,419362.75,401793.75,303937.75
Deepfakes,265_475_dft.png,51401057.5,143161.5,136287.5,57501.5
Deepfakes,266_252_dft.png,97594842.25,128242.25,386299.25,73749.25
Deepfakes,267_286_dft.png,70808495.5,172386.5,168479.5,69364.5
Deepfakes,268_269_dft.png,83889481.5,132329.5,142889.5,60337.5
Deepfakes,269_268_dft.png,116240434,314166,283878,194156
Deepfakes,270_297_dft.png,83428164,113919,142396,59273
Deepfakes,271_264_dft.png,90478679.75,212490.75,254867.75,142192.75
Deepfakes,272_396_dft.png,80271392.25,149771.25,175147.25,78316.25
Deepfakes,273_807_dft.png,98789827.5,183420.5,546066.5,128535.5
Deepfakes,274_412_dft.png,90665896.75,182346.75,215058.75,145540.75
Deepfakes,275_887_dft.png,110502400,83350,79849,41257
Deepfakes,276_185_dft.png,100975870.8,110810.75,142037.75,68473.75
Deepfakes,277_335_dft.png,96094469,417392,283997,156426
Deepfakes,278_306_dft.png,100509925,559884,490290,355711
Deepfakes,279_298_dft.png,141094537,586475,549304,420476
Deepfakes,280_249_dft.png,84860243.25,232021.25,90502.25,31924.25
Deepfakes,281_474_dft.png,110569482.3,332883.25,486888.25,316099.25
Deepfakes,282_238_dft.png,86708884.25,233841.25,270009.25,151236.25
Deepfakes,283_313_dft.png,87398750,542199,363735,107356
Deepfakes,284_263_dft.png,65076970.5,130131.5,118936.5,53435.5
Deepfakes,285_136_dft.png,81757290.5,164089.5,172643.5,91224.5
Deepfakes,286_267_dft.png,73259731.75,238689.75,233841.75,162273.75
Deepfakes,287_426_dft.png,72331069.5,86799.5,96724.5,41004.5
Deepfakes,288_321_dft.png,87268508.25,221632.25,436614.25,140488.25
Deepfakes,289_228_dft.png,94553812,208901,242254,176953
Deepfakes,290_240_dft.png,93177724.5,211038.5,243008.5,135918.5
Deepfakes,291_874_dft.png,74857626.25,73699.25,165950.25,44579.25
Deepfakes,292_294_dft.png,78836918,183754,219156,91578
Deepfakes,293_296_dft.png,102964440.5,180269.5,273095.5,130114.5
Deepfakes,294_292_dft.png,85366426.75,242681.75,295022.75,122929.75
Deepfakes,295_099_dft.png,48095015.25,100041.25,133976.25,45504.25
Deepfakes,296_293_dft.png,98002086.25,248705.25,178564.25,118933.25
Deepfakes,297_270_dft.png,96845528.25,540472.25,305994.25,221508.25
Deepfakes,298_279_dft.png,94930791.5,482991.5,136143.5,70569.5
Deepfakes,299_145_dft.png,90619628.5,241677.5,229147.5,142082.5
Deepfakes,300_304_dft.png,98296695,344544,207349,121692
Deepfakes,301_262_dft.png,106354389,306942,317585,247958
Deepfakes,302_323_dft.png,74122726,276436,278599,168537
Deepfakes,303_309_dft.png,81654284.25,80836.25,116240.25,36866.25
Deepfakes,304_300_dft.png,104419281.8,393229.75,257275.75,191625.75
Deepfakes,305_513_dft.png,87458840,191163,433598,132877
Deepfakes,306_278_dft.png,98865646.25,271630.25,380245.25,192083.25
Deepfakes,307_365_dft.png,83818137.75,231511.75,250057.75,163549.75
Deepfakes,308_388_dft.png,95398710.25,465380.25,392084.25,357052.25
Deepfakes,309_303_dft.png,91480821,259228,325756,118583
Deepfakes,310_196_dft.png,63412740.5,207943.5,269673.5,140150.5
Deepfakes,311_387_dft.png,85378995.75,201911.75,209629.75,120103.75
Deepfakes,312_021_dft.png,83762535.75,159008.75,178199.75,86218.75
Deepfakes,313_283_dft.png,105456793.3,527232.25,291212.25,228961.25
Deepfakes,314_347_dft.png,80833647.25,353482.25,375712.25,264617.25
Deepfakes,315_322_dft.png,98470812.5,191010.5,161005.5,99289.5
Deepfakes,316_369_dft.png,90368967.75,201013.75,290596.75,111074.75
Deepfakes,317_359_dft.png,112840543,261924,330938,172605
Deepfakes,318_334_dft.png,104934039,405540,325767,143532
Deepfakes,319_352_dft.png,67607790.75,214330.75,233929.75,132285.75
Deepfakes,320_328_dft.png,93349821,116853,113618,56538
Deepfakes,321_288_dft.png,123135537,355781,543136,330906
Deepfakes,322_315_dft.png,91949473.75,497094.75,289921.75,236612.75
Deepfakes,323_302_dft.png,78486309,94409,123394,46840
Deepfakes,324_356_dft.png,110554543.5,179137.5,167237.5,81681.5
Deepfakes,325_492_dft.png,77966836.5,130233.5,195306.5,70073.5
Deepfakes,326_501_dft.png,106419794.3,207333.25,385635.25,154324.25
Deepfakes,327_329_dft.png,100643712.8,235993.75,269552.75,110453.75
Deepfakes,328_320_dft.png,70434498.5,136923.5,146473.5,73030.5
Deepfakes,329_327_dft.png,129521821.3,937581.25,1039159.25,757727.25
Deepfakes,330_162_dft.png,72163602,173314,138636,87350
Deepfakes,331_260_dft.png,85802489,284065,312646,180232
Deepfakes,332_051_dft.png,77799489.5,127795.5,181785.5,61401.5
Deepfakes,333_377_dft.png,85860981.5,220811.5,187375.5,108667.5
Deepfakes,334_318_dft.png,105443189.5,242701.5,326137.5,173189.5
Deepfakes,335_277_dft.png,81937036.5,348227.5,321828.5,204743.5
Deepfakes,336_338_dft.png,85232499.75,315946.75,222264.75,142379.75
Deepfakes,337_522_dft.png,102263115.3,217598.25,253890.25,155913.25
Deepfakes,338_336_dft.png,118650971.3,257545.25,255980.25,147010.25
Deepfakes,339_392_dft.png,98500076,137220,316229,87473
Deepfakes,340_341_dft.png,90682639.75,396158.75,508292.75,297055.75
Deepfakes,341_340_dft.png,113602694.3,375970.25,302598.25,226700.25
Deepfakes,342_416_dft.png,89167737,150907,514148,100334
Deepfakes,343_363_dft.png,97003985.75,271860.75,323201.75,192052.75
Deepfakes,344_020_dft.png,93819238.25,197031.25,224139.25,138128.25
Deepfakes,345_259_dft.png,92242064.5,391392.5,363365.5,114883.5
Deepfakes,346_351_dft.png,98394448.75,524545.75,318702.75,241325.75
Deepfakes,347_314_dft.png,86463948,258056,317131,200395
Deepfakes,348_202_dft.png,94035910,575089,339997,281068
Deepfakes,349_350_dft.png,75757387.75,271842.75,299979.75,177658.75
Deepfakes,350_349_dft.png,77079908.75,197211.75,248264.75,124727.75
Deepfakes,351_346_dft.png,88854031,291359,284899,189503
Deepfakes,352_319_dft.png,98664748.25,180657.25,329993.25,130098.25
Deepfakes,353_383_dft.png,74431015.25,161416.25,193448.25,104197.25
Deepfakes,354_362_dft.png,68203806.25,146635.25,167478.25,63917.25
Deepfakes,355_748_dft.png,52891414.5,151541.5,152090.5,57381.5
Deepfakes,356_324_dft.png,67555670,148942,187413,75749
Deepfakes,357_432_dft.png,82019708,351520,303479,250915
Deepfakes,358_380_dft.png,86125226.5,207696.5,238910.5,131880.5
Deepfakes,359_317_dft.png,82325121.75,143804.75,125992.75,68869.75
Deepfakes,360_437_dft.png,72046280.75,143267.75,94194.75,49701.75
Deepfakes,361_448_dft.png,112718933,106333,102486,45058
Deepfakes,362_354_dft.png,71291183.5,158610.5,149460.5,66837.5
Deepfakes,363_343_dft.png,107972035.5,656578.5,385324.5,163661.5
Deepfakes,364_440_dft.png,88120246.5,117682.5,179386.5,59928.5
Deepfakes,365_307_dft.png,93219631.25,661026.25,748936.25,578245.25
Deepfakes,366_473_dft.png,117824876.5,377216.5,405599.5,329033.5
Deepfakes,367_371_dft.png,92179244.5,632284.5,226866.5,154922.5
Deepfakes,368_378_dft.png,68962554.25,92709.25,113969.25,39938.25
Deepfakes,369_316_dft.png,93358656.25,487547.25,471267.25,349608.25
Deepfakes,370_483_dft.png,74844432.75,244284.75,244212.75,136442.75
Deepfakes,371_367_dft.png,105618948.3,192722.25,149772.25,63192.25
Deepfakes,372_413_dft.png,71948218.25,97773.25,122041.25,38856.25
Deepfakes,373_394_dft.png,73388135.75,232000.75,173825.75,116970.75
Deepfakes,374_407_dft.png,112125676.5,472365.5,448678.5,234987.5
Deepfakes,375_251_dft.png,85186524.75,118726.75,399007.75,61515.75
Deepfakes,376_381_dft.png,74750212.25,279800.25,307595.25,181919.25
Deepfakes,377_333_dft.png,79658471.25,278109.25,210220.25,146004.25
Deepfakes,378_368_dft.png,78600694.75,274306.75,188953.75,118385.75
Deepfakes,379_158_dft.png,123558937.3,622575.25,360670.25,243598.25
Deepfakes,380_358_dft.png,90623483.25,262999.25,236343.25,184723.25
Deepfakes,381_376_dft.png,82263488.25,85004.25,110814.25,40100.25
Deepfakes,382_409_dft.png,106466697.3,403754.25,320666.25,212817.25
Deepfakes,383_353_dft.png,63311485.5,336882.5,393498.5,263911.5
Deepfakes,384_932_dft.png,89791292.75,411192.75,417621.75,206595.75
Deepfakes,385_414_dft.png,73732958,199649,178050,109035
Deepfakes,386_154_dft.png,59810118.75,152460.75,184361.75,82919.75
Deepfakes,387_311_dft.png,61421938,126411,127516,45759
Deepfakes,388_308_dft.png,112933597.5,257802.5,205843.5,136750.5
Deepfakes,389_480_dft.png,78425311.75,258172.75,223947.75,161316.75
Deepfakes,390_709_dft.png,74574887,153591,164923,77761
Deepfakes,391_406_dft.png,93571711.25,315683.25,292112.25,238180.25
Deepfakes,392_339_dft.png,85837811.25,243044.25,163958.25,104251.25
Deepfakes,393_405_dft.png,107867294.5,579871.5,401231.5,225896.5
Deepfakes,394_373_dft.png,75734340.75,241801.75,232877.75,141866.75
Deepfakes,395_401_dft.png,117470307.3,682204.25,715500.25,466169.25
Deepfakes,396_272_dft.png,114507180.5,459758.5,462903.5,195979.5
Deepfakes,397_602_dft.png,89980995.25,217847.25,255811.25,122401.25
Deepfakes,398_457_dft.png,94532608.25,284291.25,238270.25,164109.25
Deepfakes,399_488_dft.png,68835061,128530,166904,61319
Deepfakes,400_476_dft.png,112269730.5,396135.5,468008.5,349143.5
Deepfakes,401_395_dft.png,82924562,211860,247728,119258
Deepfakes,402_453_dft.png,99073732,280124,170256,137564
Deepfakes,403_497_dft.png,85026224.5,109773.5,87653.5,41576.5
Deepfakes,404_429_dft.png,79614394,132532,189835,66321
Deepfakes,405_393_dft.png,89795838.5,255977.5,228309.5,176998.5
Deepfakes,406_391_dft.png,98093339,165284,329640,100911
Deepfakes,407_374_dft.png,81376826.25,108814.25,120476.25,41964.25
Deepfakes,408_424_dft.png,95396707,115114,213542,73771
Deepfakes,409_382_dft.png,115465016,341159,431578,260521
Deepfakes,410_411_dft.png,58395275.75,172207.75,185773.75,79603.75
Deepfakes,411_410_dft.png,96214757,442881,291374,155336
Deepfakes,412_274_dft.png,95188931.5,374013.5,425385.5,315617.5
Deepfakes,413_372_dft.png,81646824,133860,116633,58769
Deepfakes,414_385_dft.png,62680043.25,229975.25,220730.25,115216.25
Deepfakes,415_484_dft.png,104083451.5,334590.5,390518.5,190565.5
Deepfakes,416_342_dft.png,62471890.5,168660.5,186258.5,99064.5
Deepfakes,417_496_dft.png,130085708.3,327603.25,227976.25,212067.25
Deepfakes,418_507_dft.png,71797239,120683,161785,60597
Deepfakes,419_824_dft.png,68445294,175747,158618,68425
Deepfakes,420_257_dft.png,85002152.75,168002.75,179227.75,66963.75
Deepfakes,421_423_dft.png,125631479.8,185762.75,294461.75,97206.75
Deepfakes,422_695_dft.png,80221001.75,95266.75,177288.75,42259.75
Deepfakes,423_421_dft.png,107126498.8,228611.75,569446.75,175241.75
Deepfakes,424_408_dft.png,83702554.5,391148.5,156283.5,89607.5
Deepfakes,425_485_dft.png,75862998.75,314391.75,238876.75,178827.75
Deepfakes,426_287_dft.png,61274693.5,186918.5,181335.5,91474.5
Deepfakes,427_637_dft.png,85019733.5,369404.5,331141.5,238304.5
Deepfakes,428_466_dft.png,75473101.75,244583.75,176453.75,103319.75
Deepfakes,429_404_dft.png,77129024,141199,163759,78126
Deepfakes,430_459_dft.png,51950904,170004,153890,70124
Deepfakes,431_447_dft.png,70439972,206835,219283,140964
Deepfakes,432_357_dft.png,91465427.75,299064.75,362191.75,221776.75
Deepfakes,433_498_dft.png,76815716.5,239841.5,301149.5,158362.5
Deepfakes,434_438_dft.png,124879868.5,326443.5,524437.5,305876.5
Deepfakes,435_456_dft.png,110552023.5,370863.5,357210.5,269262.5
Deepfakes,436_526_dft.png,100414477,135876,443785,95756
Deepfakes,437_360_dft.png,65998235.5,128299.5,161509.5,52377.5
Deepfakes,438_434_dft.png,92614791.5,623731.5,433228.5,265274.5
Deepfakes,439_441_dft.png,80364243.5,118042.5,182091.5,67430.5
Deepfakes,440_364_dft.png,79836707.5,256924.5,400922.5,200145.5
Deepfakes,441_439_dft.png,83035892,126662,120730,67536
Deepfakes,442_195_dft.png,74901416,112615,369207,56576
Deepfakes,443_514_dft.png,120497393.3,521664.25,598834.25,301399.25
Deepfakes,444_655_dft.png,103208132.8,404630.75,381280.75,291008.75
Deepfakes,445_494_dft.png,70605800.25,141236.25,310430.25,80336.25
Deepfakes,446_667_dft.png,78446766.5,244682.5,244784.5,165954.5
Deepfakes,447_431_dft.png,84120236.75,159043.75,209407.75,114396.75
Deepfakes,448_361_dft.png,74032576.75,256523.75,230259.75,142020.75
Deepfakes,449_451_dft.png,79237499.25,198480.25,197721.25,105590.25
Deepfakes,450_533_dft.png,56412964.25,183908.25,171357.25,66131.25
Deepfakes,451_449_dft.png,72396903.75,261394.75,258375.75,154056.75
Deepfakes,452_550_dft.png,109767307,226521,281869,169965
Deepfakes,453_402_dft.png,83612214,131221,104133,54810
Deepfakes,454_527_dft.png,83395978.5,211594.5,109095.5,49121.5
Deepfakes,455_471_dft.png,88491948,179575,197034,81491
Deepfakes,456_435_dft.png,76431766.75,126827.75,186560.75,59539.75
Deepfakes,457_398_dft.png,129941870.8,171146.75,164090.75,63800.75
Deepfakes,458_722_dft.png,71093240.25,94462.25,118399.25,42221.25
Deepfakes,459_430_dft.png,67916625.75,236057.75,137108.75,80772.75
Deepfakes,460_678_dft.png,76572344.75,186417.75,213352.75,106161.75
Deepfakes,461_250_dft.png,92671840.5,278357.5,334641.5,215506.5
Deepfakes,462_467_dft.png,92187596.75,238250.75,180902.75,142908.75
Deepfakes,463_464_dft.png,102943690.3,225879.25,167894.25,93161.25
Deepfakes,464_463_dft.png,102734329.5,511793.5,264204.5,189922.5
Deepfakes,465_482_dft.png,64482085.75,116519.75,120894.75,46488.75
Deepfakes,466_428_dft.png,84019358.75,315630.75,226576.75,170074.75
Deepfakes,467_462_dft.png,111061004.5,191096.5,285643.5,99831.5
Deepfakes,468_470_dft.png,94716122.5,239897.5,148557.5,56058.5
Deepfakes,469_481_dft.png,80648435,87213,100871,33103
Deepfakes,470_468_dft.png,100044315.8,383108.75,347345.75,211750.75
Deepfakes,471_455_dft.png,82668482.75,443953.75,262224.75,191701.75
Deepfakes,472_511_dft.png,100287072.5,364991.5,543269.5,300484.5
Deepfakes,473_366_dft.png,91656641,179997,194305,113363
Deepfakes,474_281_dft.png,101434714.3,145853.25,177476.25,76135.25
Deepfakes,475_265_dft.png,77042479.25,264984.25,167461.25,116260.25
Deepfakes,476_400_dft.png,98114004.25,93386.25,135698.25,49058.25
Deepfakes,477_487_dft.png,71494024,202838,231456,121424
Deepfakes,478_506_dft.png,83158744.75,225883.75,185146.75,119105.75
Deepfakes,479_706_dft.png,67992622.5,198729.5,227599.5,103958.5
Deepfakes,480_389_dft.png,109799954.8,387324.75,338642.75,301196.75
Deepfakes,481_469_dft.png,106594668.3,127651.25,166649.25,67722.25
Deepfakes,482_465_dft.png,84281325,94407,112976,47856
Deepfakes,483_370_dft.png,97951170.25,321594.25,394189.25,237219.25
Deepfakes,484_415_dft.png,102864493.5,420652.5,278072.5,201961.5
Deepfakes,485_425_dft.png,85608740,182183,208535,96230
Deepfakes,486_680_dft.png,118436152.8,451414.75,507742.75,411666.75
Deepfakes,487_477_dft.png,65165108.25,151704.25,131479.25,61771.25
Deepfakes,488_399_dft.png,89286392.25,175809.25,99280.25,71613.25
Deepfakes,489_022_dft.png,85792877.75,225772.75,244704.75,159503.75
Deepfakes,490_534_dft.png,55074325.5,123881.5,154376.5,60250.5
Deepfakes,491_226_dft.png,67594092,298307,297680,218871
Deepfakes,492_325_dft.png,74997491.5,267691.5,264103.5,170487.5
Deepfakes,493_538_dft.png,95363514,195472,153990,69172
Deepfakes,494_445_dft.png,68947864,184940,202821,107419
Deepfakes,495_512_dft.png,86924342,127321,124353,57884
Deepfakes,496_417_dft.png,112578167.8,251099.75,390522.75,195480.75
Deepfakes,497_403_dft.png,88475674.75,102789.75,95590.75,53937.75
Deepfakes,498_433_dft.png,82910453.5,164527.5,177789.5,75929.5
Deepfakes,499_539_dft.png,94063517,187239,365226,125896
Deepfakes,500_592_dft.png,71820297.25,261556.25,321718.25,173491.25
Deepfakes,501_326_dft.png,82851289.5,418611.5,284674.5,214294.5
Deepfakes,502_504_dft.png,83335125.25,271457.25,156140.25,72996.25
Deepfakes,503_756_dft.png,83925792.25,494690.25,419981.25,349511.25
Deepfakes,504_502_dft.png,115311004.8,818530.75,651076.75,471026.75
Deepfakes,505_600_dft.png,101587807.3,592368.25,347025.25,289788.25
Deepfakes,506_478_dft.png,89194505.75,232220.75,230195.75,152460.75
Deepfakes,507_418_dft.png,54486065.5,115266.5,197935.5,58178.5
Deepfakes,508_831_dft.png,72148205.25,337346.25,199549.25,69182.25
Deepfakes,509_525_dft.png,88007785,150852,199930,84447
Deepfakes,510_528_dft.png,93665973,134734,188512,72479
Deepfakes,511_472_dft.png,77395735.75,228323.75,189505.75,121385.75
Deepfakes,512_495_dft.png,87544275,291582,243795,165954
Deepfakes,513_305_dft.png,78656175.5,180000.5,243338.5,106483.5
Deepfakes,514_443_dft.png,87443820.75,169882.75,167676.75,98178.75
Deepfakes,515_519_dft.png,92240219.25,310993.25,302760.25,213420.25
Deepfakes,516_555_dft.png,55116146.75,138349.75,138721.75,71310.75
Deepfakes,517_521_dft.png,86173493,279894,270177,175124
Deepfakes,518_131_dft.png,88545151,300753,193110,140068
Deepfakes,519_515_dft.png,95604178.75,375428.75,125756.75,50116.75
Deepfakes,520_542_dft.png,73026762.25,158247.25,168082.25,89189.25
Deepfakes,521_517_dft.png,81694916,210319,175066,114601
Deepfakes,522_337_dft.png,94441202.25,213753.25,412175.25,173372.25
Deepfakes,523_541_dft.png,85260681.75,321212.75,224445.75,92004.75
Deepfakes,524_580_dft.png,77384359,253267,207295,133045
Deepfakes,525_509_dft.png,71227573,215312,230581,160506
Deepfakes,526_436_dft.png,82495136.75,197284.75,228389.75,124885.75
Deepfakes,527_454_dft.png,101884554.8,198946.75,612161.75,170937.75
Deepfakes,528_510_dft.png,96497594.25,107867.25,244202.25,66563.25
Deepfakes,529_633_dft.png,61705827.5,198781.5,234189.5,103793.5
Deepfakes,530_594_dft.png,70509294,132794,165295,60595
Deepfakes,531_549_dft.png,96222324.75,195537.75,187789.75,120624.75
Deepfakes,532_544_dft.png,78716214.5,226250.5,229573.5,130889.5
Deepfakes,533_450_dft.png,55189943.5,130320.5,166506.5,50195.5
Deepfakes,534_490_dft.png,75317607.75,357230.75,135027.75,89750.75
Deepfakes,535_587_dft.png,95713271.75,737189.75,395523.75,344417.75
Deepfakes,536_540_dft.png,62128397.25,144697.25,129801.25,63725.25
Deepfakes,537_563_dft.png,119075338.8,258371.75,268470.75,191735.75
Deepfakes,538_493_dft.png,96910128,238923,297062,147069
Deepfakes,539_499_dft.png,83280609.5,146973.5,159615.5,82667.5
Deepfakes,540_536_dft.png,85393308,142497,493255,79688
Deepfakes,541_523_dft.png,90301583.75,182580.75,281602.75,132559.75
Deepfakes,542_520_dft.png,82875410,233918,312439,156163
Deepfakes,543_559_dft.png,86874293.25,143006.25,151880.25,80213.25
Deepfakes,544_532_dft.png,72007968.5,191476.5,174427.5,97859.5
Deepfakes,545_553_dft.png,91932121.5,123170.5,122217.5,61448.5
Deepfakes,546_621_dft.png,77524657.75,185600.75,128725.75,82828.75
Deepfakes,547_574_dft.png,70404456.5,354146.5,365061.5,279385.5
Deepfakes,548_632_dft.png,75457262,130292,142415,50539
Deepfakes,549_531_dft.png,78051044.75,143047.75,200472.75,71675.75
Deepfakes,550_452_dft.png,90033771.5,356202.5,414267.5,276618.5
Deepfakes,551_631_dft.png,87276922.5,136692.5,158708.5,78810.5
Deepfakes,552_851_dft.png,68030734.25,177105.25,208956.25,100983.25
Deepfakes,553_545_dft.png,81350069.25,157435.25,187585.25,90749.25
Deepfakes,554_572_dft.png,69656153,287265,295080,197756
Deepfakes,555_516_dft.png,63129328.25,149177.25,175048.25,64879.25
Deepfakes,556_588_dft.png,85099088,119519,137124,65653
Deepfakes,557_560_dft.png,71491618,164282,235334,103328
Deepfakes,558_583_dft.png,122034261.8,152564.75,166142.75,75927.75
Deepfakes,559_543_dft.png,65617035,171322,199590,101725
Deepfakes,560_557_dft.png,104456129.3,353670.25,617488.25,270813.25
Deepfakes,561_998_dft.png,97937607,286774,430560,201273
Deepfakes,562_626_dft.png,96647214.5,179432.5,178212.5,108858.5
Deepfakes,563_537_dft.png,86139134,184063,175459,74390
Deepfakes,564_971_dft.png,71471959,392900,436901,270324
Deepfakes,565_589_dft.png,84107290.25,257980.25,314872.25,194828.25
Deepfakes,566_617_dft.png,91204090.5,124960.5,113624.5,62186.5
Deepfakes,567_606_dft.png,88392113.25,392562.25,374045.25,287742.25
Deepfakes,568_628_dft.png,89439261,342356,226626,119045
Deepfakes,569_921_dft.png,85640029,133378,179381,83364
Deepfakes,570_624_dft.png,79738003.5,214875.5,238789.5,131351.5
Deepfakes,571_746_dft.png,65908668,163788,167074,87114
Deepfakes,572_554_dft.png,79032087.75,253439.75,225779.75,138197.75
Deepfakes,573_757_dft.png,83585480,152755,146395,62122
Deepfakes,574_547_dft.png,104644153.8,160364.75,462797.75,117798.75
Deepfakes,575_603_dft.png,101864464.8,167029.75,112150.75,80405.75
Deepfakes,576_155_dft.png,79872972.75,115349.75,142320.75,59035.75
Deepfakes,577_593_dft.png,65243716.5,308262.5,245131.5,177827.5
Deepfakes,578_636_dft.png,78560002.5,264503.5,210319.5,130036.5
Deepfakes,579_701_dft.png,82726831.5,303168.5,284395.5,170014.5
Deepfakes,580_524_dft.png,84784809.25,296766.25,388831.25,227154.25
Deepfakes,581_697_dft.png,69361718.75,363693.75,151529.75,54928.75
Deepfakes,582_172_dft.png,84740256.5,132498.5,148781.5,67181.5
Deepfakes,583_558_dft.png,73023228,252067,221269,149906
Deepfakes,584_823_dft.png,125786084.3,526810.25,701561.25,493567.25
Deepfakes,585_599_dft.png,86107504,217122,242891,187193
Deepfakes,586_223_dft.png,72210759.25,104205.25,98672.25,54044.25
Deepfakes,587_535_dft.png,75287934.75,188249.75,204936.75,123817.75
Deepfakes,588_556_dft.png,78330956.5,185791.5,186181.5,81998.5
Deepfakes,589_565_dft.png,100327284,201114,195432,122072
Deepfakes,590_034_dft.png,107033055.3,330783.25,499319.25,238811.25
Deepfakes,591_605_dft.png,78425886.75,154930.75,180276.75,90130.75
Deepfakes,592_500_dft.png,105397611.3,419193.25,324146.25,191760.25
Deepfakes,593_577_dft.png,63732160.5,146102.5,200254.5,69658.5
Deepfakes,594_530_dft.png,70838139,339046,314051,234170
Deepfakes,595_597_dft.png,87331512,153581,426100,119041
Deepfakes,596_609_dft.png,86234509.25,171920.25,416955.25,129530.25
Deepfakes,597_595_dft.png,95710552,170368,147177,85775
Deepfakes,598_178_dft.png,103772446.5,515517.5,503704.5,459781.5
Deepfakes,599_585_dft.png,83215864.75,105185.75,213661.75,55958.75
Deepfakes,600_505_dft.png,92625154.25,146178.25,140827.25,70105.25
Deepfakes,601_653_dft.png,82670118.75,415584.75,235465.75,162773.75
Deepfakes,602_397_dft.png,53838125.75,159908.75,142681.75,61618.75
Deepfakes,603_575_dft.png,86797049.5,276598.5,105422.5,73039.5
Deepfakes,604_703_dft.png,95324988,330742,255264,167508
Deepfakes,605_591_dft.png,71580001.25,177612.25,201218.25,100687.25
Deepfakes,606_567_dft.png,80903309.75,463623.75,560998.75,376914.75
Deepfakes,607_683_dft.png,65539743.5,158578.5,144640.5,73387.5
Deepfakes,608_675_dft.png,97099028,317667,338683,195592
Deepfakes,609_596_dft.png,98645024.5,87734.5,209816.5,50374.5
Deepfakes,610_692_dft.png,74376254.25,102894.25,101539.25,39911.25
Deepfakes,611_760_dft.png,81780605,195728,200577,134660
Deepfakes,612_702_dft.png,81415090.25,206680.25,178056.25,110846.25
Deepfakes,613_685_dft.png,99443890.25,680924.25,313688.25,246000.25
Deepfakes,614_616_dft.png,89123908.5,316607.5,368648.5,236027.5
Deepfakes,615_687_dft.png,70879552.75,186878.75,251075.75,133941.75
Deepfakes,616_614_dft.png,98403677.5,236464.5,275828.5,169167.5
Deepfakes,617_566_dft.png,92859144,201618,419400,140042
Deepfakes,618_629_dft.png,72245480.25,171009.25,324015.25,78184.25
Deepfakes,619_620_dft.png,79212679.75,301974.75,481335.75,235242.75
Deepfakes,620_619_dft.png,75720822.25,269684.25,292771.25,204671.25
Deepfakes,621_546_dft.png,80991591.75,397723.75,145875.75,69295.75
Deepfakes,622_647_dft.png,84125483,254321,339098,186592
Deepfakes,623_630_dft.png,121375767.8,423287.75,616075.75,393441.75
Deepfakes,624_570_dft.png,69037678.5,115788.5,127425.5,60661.5
Deepfakes,625_650_dft.png,84127079.25,152602.25,148894.25,81699.25
Deepfakes,626_562_dft.png,97632741.5,371464.5,265368.5,194887.5
Deepfakes,627_658_dft.png,97770662.75,239342.75,327277.75,140197.75
Deepfakes,628_568_dft.png,85986757,130614,188381,60080
Deepfakes,629_618_dft.png,100697327.8,232693.75,194156.75,131198.75
Deepfakes,630_623_dft.png,98754214.75,139682.75,152646.75,73714.75
Deepfakes,631_551_dft.png,89042216.75,151102.75,155316.75,78790.75
Deepfakes,632_548_dft.png,84342576,269614,352101,216167
Deepfakes,633_529_dft.png,90682280.5,152712.5,195293.5,94781.5
Deepfakes,634_660_dft.png,83522222.25,252249.25,275377.25,162752.25
Deepfakes,635_642_dft.png,83994794.25,445401.25,276039.25,224572.25
Deepfakes,636_578_dft.png,78605528.5,161440.5,164069.5,106887.5
Deepfakes,637_427_dft.png,73161061,163190,191184,69885
Deepfakes,638_640_dft.png,106682035.8,564986.75,367496.75,218593.75
Deepfakes,639_841_dft.png,75434465.5,196404.5,282303.5,164608.5
Deepfakes,640_638_dft.png,79689298,154632,245742,86452
Deepfakes,641_662_dft.png,68171846.25,113731.25,106144.25,48647.25
Deepfakes,642_635_dft.png,78354298.75,92770.75,135730.75,44578.75
Deepfakes,643_646_dft.png,85783750.75,164405.75,160590.75,88881.75
Deepfakes,644_657_dft.png,88314669.75,175104.75,216744.75,100191.75
Deepfakes,645_688_dft.png,77903794.5,172697.5,160640.5,93489.5
Deepfakes,646_643_dft.png,86726128.5,219069.5,208281.5,131204.5
Deepfakes,647_622_dft.png,66644855,258899,291073,154541
Deepfakes,648_654_dft.png,78467680.75,363111.75,358265.75,253578.75
Deepfakes,649_816_dft.png,81801331,265286,287877,193510
Deepfakes,650_625_dft.png,73513802,182776,166721,125147
Deepfakes,651_835_dft.png,77743628,132370,191565,71931
Deepfakes,652_773_dft.png,88064564.5,270513.5,151645.5,127616.5
Deepfakes,653_601_dft.png,82399233.25,147292.25,143619.25,64250.25
Deepfakes,654_648_dft.png,131445955.3,493468.25,563420.25,429519.25
Deepfakes,655_444_dft.png,99076562.5,163494.5,247761.5,75667.5
Deepfakes,656_666_dft.png,102984828.5,465803.5,277831.5,163724.5
Deepfakes,657_644_dft.png,82224346.5,82339.5,122674.5,42459.5
Deepfakes,658_627_dft.png,88396982.25,307179.25,317054.25,233449.25
Deepfakes,659_749_dft.png,76097128,134267,155699,80720
Deepfakes,660_634_dft.png,85640985.5,108277.5,101307.5,52713.5
Deepfakes,661_670_dft.png,76249986.25,135251.25,188081.25,72216.25
Deepfakes,662_641_dft.png,95236750.25,203178.25,266417.25,140733.25
Deepfakes,663_231_dft.png,80690535.25,338982.25,273157.25,193354.25
Deepfakes,664_668_dft.png,116951576.5,325374.5,362033.5,280257.5
Deepfakes,665_679_dft.png,88756201.25,445837.25,503965.25,363993.25
Deepfakes,666_656_dft.png,97521532.25,506766.25,483487.25,399827.25
Deepfakes,667_446_dft.png,64761445,189598,173178,80485
Deepfakes,668_664_dft.png,87131488,143170,160244,55236
Deepfakes,669_682_dft.png,80899321.75,434867.75,492190.75,340796.75
Deepfakes,670_661_dft.png,92494282.5,251978.5,197701.5,89917.5
Deepfakes,671_677_dft.png,82106144.75,198573.75,158663.75,106222.75
Deepfakes,672_720_dft.png,93091654.5,327428.5,315769.5,276687.5
Deepfakes,673_728_dft.png,92760290.75,190233.75,191018.75,126221.75
Deepfakes,674_744_dft.png,98334742,179580,175283,98399
Deepfakes,675_608_dft.png,83512821.5,194590.5,210084.5,117393.5
Deepfakes,676_776_dft.png,70865026.5,231299.5,148653.5,96490.5
Deepfakes,677_671_dft.png,73204520.25,188026.25,173400.25,103750.25
Deepfakes,678_460_dft.png,73001909.75,175573.75,158050.75,90882.75
Deepfakes,679_665_dft.png,81357238.5,157817.5,206633.5,94824.5
Deepfakes,680_486_dft.png,86539082.5,399809.5,362278.5,270059.5
Deepfakes,681_711_dft.png,79130410,215164,317048,144616
Deepfakes,682_669_dft.png,101009425.5,210105.5,221092.5,118044.5
Deepfakes,683_607_dft.png,57151277,162339,143680,75184
Deepfakes,684_717_dft.png,93674998.75,253061.75,403514.75,202165.75
Deepfakes,685_613_dft.png,104797474,353076,401547,283099
Deepfakes,686_696_dft.png,81532870,337778,387670,245508
Deepfakes,687_615_dft.png,76704402.5,259776.5,306799.5,190645.5
Deepfakes,688_645_dft.png,75244125.25,147570.25,144341.25,56166.25
Deepfakes,689_690_dft.png,83346735,198857,159293,101563
Deepfakes,690_689_dft.png,81386342,214820,194148,126224
Deepfakes,691_732_dft.png,100529169,590281,615114,425958
Deepfakes,692_610_dft.png,84633706.25,138202.25,147387.25,71915.25
Deepfakes,693_698_dft.png,83761057.75,77420.75,113392.75,33977.75
Deepfakes,694_767_dft.png,83328411.75,153442.75,170452.75,74175.75
Deepfakes,695_422_dft.png,59265947,141252,127320,64557
Deepfakes,696_686_dft.png,102801293.8,345127.75,321159.75,217697.75
Deepfakes,697_581_dft.png,68968010,115825,135866,41993
Deepfakes,698_693_dft.png,80833071.25,237862.25,256396.25,172087.25
Deepfakes,699_734_dft.png,91147037.5,189566.5,249667.5,113462.5
Deepfakes,700_813_dft.png,62192291.75,225500.75,155736.75,86243.75
Deepfakes,701_579_dft.png,59724079.75,374720.75,271788.75,183999.75
Deepfakes,702_612_dft.png,87404441,191775,159842,94018
Deepfakes,703_604_dft.png,76480102.25,232653.25,217127.25,158656.25
Deepfakes,704_723_dft.png,120376125.5,190243.5,279147.5,142697.5
Deepfakes,705_707_dft.png,105450345.8,620755.75,694587.75,498391.75
Deepfakes,706_479_dft.png,70974988.25,154981.25,160819.25,73662.25
Deepfakes,707_705_dft.png,112362038.8,421966.75,247680.75,216570.75
Deepfakes,708_772_dft.png,72299974.75,229357.75,185489.75,131682.75
Deepfakes,709_390_dft.png,60951642,185016,207244,99122
Deepfakes,710_788_dft.png,81813972,236270,252616,146594
Deepfakes,711_681_dft.png,68492944.75,322900.75,293863.75,216655.75
Deepfakes,712_716_dft.png,78136463,223798,243778,134055
Deepfakes,713_726_dft.png,57902496.75,154380.75,165299.75,70459.75
Deepfakes,714_842_dft.png,96598155.25,327128.25,357364.25,275159.25
Deepfakes,715_721_dft.png,92437735,244852,220872,146117
Deepfakes,716_712_dft.png,85379293,196565,384477,135641
Deepfakes,717_684_dft.png,75926677,145697,122831,63285
Deepfakes,718_972_dft.png,59473264.25,164182.25,185450.25,67762.25
Deepfakes,719_737_dft.png,79435707.25,244959.25,227360.25,132228.25
Deepfakes,720_672_dft.png,116709263.3,166464.25,766872.25,128091.25
Deepfakes,721_715_dft.png,92704917.25,223046.25,219809.25,146680.25
Deepfakes,722_458_dft.png,72053592.25,198933.25,400879.25,109818.25
Deepfakes,723_704_dft.png,122998907.5,280985.5,383752.5,268338.5
Deepfakes,724_725_dft.png,69069134,216856,257764,137590
Deepfakes,725_724_dft.png,71058813.5,158509.5,167628.5,74554.5
Deepfakes,726_713_dft.png,60988924.25,272671.25,304210.25,168123.25
Deepfakes,727_729_dft.png,91860347.5,135385.5,325453.5,73667.5
Deepfakes,728_673_dft.png,102430738.8,101963.75,273118.75,93183.75
Deepfakes,729_727_dft.png,77296252.75,241723.75,240197.75,149076.75
Deepfakes,730_815_dft.png,68855403.25,135231.25,180966.25,80488.25
Deepfakes,731_741_dft.png,98681589.5,330684.5,372288.5,212989.5
Deepfakes,732_691_dft.png,91361970.25,131700.25,153417.25,67859.25
Deepfakes,733_935_dft.png,72756064.75,98557.75,106771.75,50112.75
Deepfakes,734_699_dft.png,108871806.8,187036.75,279796.75,145136.75
Deepfakes,735_774_dft.png,111692621.8,191267.75,355569.75,91299.75
Deepfakes,736_785_dft.png,87136165.75,127057.75,186065.75,86153.75
Deepfakes,737_719_dft.png,91197617.5,198123.5,110736.5,59634.5
Deepfakes,738_804_dft.png,84284536.75,141888.75,182373.75,83545.75
Deepfakes,739_865_dft.png,73571687.5,288615.5,233609.5,174329.5
Deepfakes,740_796_dft.png,68655962,204324,165898,93822
Deepfakes,741_731_dft.png,96002092.75,282347.75,291369.75,211820.75
Deepfakes,742_775_dft.png,97643643.5,353185.5,320554.5,248218.5
Deepfakes,743_750_dft.png,71674076,168368,140614,81452
Deepfakes,744_674_dft.png,95574072,287191,305372,181339
Deepfakes,745_777_dft.png,100879964.3,212054.25,153094.25,101032.25
Deepfakes,746_571_dft.png,79353859.75,378766.75,412048.75,316697.75
Deepfakes,747_854_dft.png,95115431.75,184025.75,318419.75,76943.75
Deepfakes,748_355_dft.png,101220084.5,331212.5,142557.5,91983.5
Deepfakes,749_659_dft.png,103598038,493944,364709,304255
Deepfakes,750_743_dft.png,110074365,101244,109285,53502
Deepfakes,751_752_dft.png,104298233.3,157451.25,167966.25,82266.25
Deepfakes,752_751_dft.png,77992057,242551,213802,138142
Deepfakes,753_789_dft.png,83532436,110502,126622,48272
Deepfakes,754_758_dft.png,63753848.5,133875.5,169906.5,63405.5
Deepfakes,755_759_dft.png,81630788,307279,294955,230458
Deepfakes,756_503_dft.png,88081004.25,167829.25,188537.25,106754.25
Deepfakes,757_573_dft.png,84642810,311784,310620,167164
Deepfakes,758_754_dft.png,118150354.3,153466.25,361723.25,119693.25
Deepfakes,759_755_dft.png,101300318,456503,742364,456113
Deepfakes,760_611_dft.png,83607851.25,154655.25,192543.25,87805.25
Deepfakes,761_766_dft.png,96287063.25,224129.25,313431.25,168407.25
Deepfakes,762_832_dft.png,92863204.25,325773.25,336591.25,225404.25
Deepfakes,763_930_dft.png,73330961.75,150608.75,187738.75,84671.75
Deepfakes,764_850_dft.png,91501312.25,227423.25,369761.25,173966.25
Deepfakes,765_867_dft.png,88885193,287602,319661,179812
Deepfakes,766_761_dft.png,76633768.75,222839.75,202047.75,138794.75
Deepfakes,767_694_dft.png,75701876,127647,138635,70182
Deepfakes,768_793_dft.png,91326749.5,233284.5,422192.5,175059.5
Deepfakes,769_784_dft.png,80406388.5,168035.5,148439.5,76748.5
Deepfakes,770_791_dft.png,76914332.25,143261.25,131129.25,69236.25
Deepfakes,771_849_dft.png,102955611.8,588752.75,471325.75,320798.75
Deepfakes,772_708_dft.png,59598309.5,149404.5,135651.5,76458.5
Deepfakes,773_652_dft.png,98012862.5,187935.5,259659.5,101426.5
Deepfakes,774_735_dft.png,85201091.5,253833.5,222337.5,137101.5
Deepfakes,775_742_dft.png,82177625.75,273435.75,271264.75,191260.75
Deepfakes,776_676_dft.png,74425268,190415,197882,96119
Deepfakes,777_745_dft.png,84189110.25,137038.25,138891.25,76761.25
Deepfakes,778_798_dft.png,71717193,204053,195346,120592
Deepfakes,779_794_dft.png,88602486.25,409478.25,415770.25,296766.25
Deepfakes,780_869_dft.png,91409063.25,256603.25,336569.25,156565.25
Deepfakes,781_806_dft.png,79261209,326432,219792,122997
Deepfakes,782_787_dft.png,105890796,143945,269000,105039
Deepfakes,783_916_dft.png,96711555.5,292462.5,304195.5,249950.5
Deepfakes,784_769_dft.png,98554972.75,216147.75,215598.75,147647.75
Deepfakes,785_736_dft.png,92130006.25,175601.25,203514.25,105359.25
Deepfakes,786_819_dft.png,60877308.25,116913.25,125122.25,44067.25
Deepfakes,787_782_dft.png,92357847.75,363034.75,235491.75,146978.75
Deepfakes,788_710_dft.png,94784406.75,109376.75,120651.75,48367.75
Deepfakes,789_753_dft.png,62416514.25,208172.25,181730.25,118086.25
Deepfakes,790_014_dft.png,67375370.25,156581.25,188010.25,81903.25
Deepfakes,791_770_dft.png,78823828.75,244101.75,208539.75,97038.75
Deepfakes,792_903_dft.png,88362939.25,154259.25,147277.25,67035.25
Deepfakes,793_768_dft.png,71098901,172058,206184,72775
Deepfakes,794_779_dft.png,84755365.25,136550.25,185313.25,75502.25
Deepfakes,795_907_dft.png,87292381,124525,217580,68546
Deepfakes,796_740_dft.png,72101484.25,157241.25,202030.25,89367.25
Deepfakes,797_844_dft.png,130324539.3,497821.25,486493.25,380521.25
Deepfakes,798_778_dft.png,65191498.5,277940.5,207224.5,134892.5
Deepfakes,799_809_dft.png,80589901,102963,154986,39694
Deepfakes,800_840_dft.png,77940709.5,278970.5,277209.5,186014.5
Deepfakes,801_855_dft.png,127898757,334311,394950,221986
Deepfakes,802_885_dft.png,106436129.5,369937.5,260922.5,176996.5
Deepfakes,803_017_dft.png,69626881.25,118193.25,148193.25,61339.25
Deepfakes,804_738_dft.png,96701836.75,218349.75,208405.75,151588.75
Deepfakes,805_011_dft.png,68459417.5,169699.5,161925.5,90223.5
Deepfakes,806_781_dft.png,98694744.5,385524.5,179085.5,125123.5
Deepfakes,807_273_dft.png,94733101.75,162926.75,412271.75,109314.75
Deepfakes,808_829_dft.png,74614343.25,177826.25,163698.25,114481.25
Deepfakes,809_799_dft.png,87168261.75,227955.75,229129.75,137001.75
Deepfakes,810_838_dft.png,70144202.75,146989.75,157484.75,66323.75
Deepfakes,811_920_dft.png,74953102,278048,283625,176349
Deepfakes,812_821_dft.png,92736541.25,156887.25,190107.25,85895.25
Deepfakes,813_700_dft.png,74606408.5,223342.5,163555.5,95653.5
Deepfakes,814_871_dft.png,75679891.75,125633.75,124274.75,50944.75
Deepfakes,815_730_dft.png,104818357,246731,211991,162577
Deepfakes,816_649_dft.png,81133407.25,88043.25,85563.25,35153.25
Deepfakes,817_827_dft.png,73753518.75,225362.75,214640.75,138610.75
Deepfakes,818_820_dft.png,90938927.5,306805.5,378281.5,251769.5
Deepfakes,819_786_dft.png,57115396.75,212252.75,284844.75,153976.75
Deepfakes,820_818_dft.png,71445302.75,221940.75,254709.75,127279.75
Deepfakes,821_812_dft.png,105254809.3,163743.25,561640.25,139706.25
Deepfakes,822_244_dft.png,78557267,329044,314395,244802
Deepfakes,823_584_dft.png,79982643.25,148780.25,170510.25,69059.25
Deepfakes,824_419_dft.png,85306261.25,170955.25,309548.25,119750.25
Deepfakes,825_074_dft.png,87608849,354481,116133,81471
Deepfakes,826_833_dft.png,68147022.75,192502.75,258775.75,118465.75
Deepfakes,827_817_dft.png,115160384,317584,338325,160843
Deepfakes,828_830_dft.png,89893730.25,320853.25,186974.25,118779.25
Deepfakes,829_808_dft.png,69480103.75,190340.75,220642.75,115265.75
Deepfakes,830_828_dft.png,107653288.8,446522.75,495487.75,313577.75
Deepfakes,831_508_dft.png,70970418.75,154221.75,162970.75,85965.75
Deepfakes,832_762_dft.png,100879608.3,209142.25,492161.25,134673.25
Deepfakes,833_826_dft.png,74712710.75,147336.75,171835.75,70853.75
Deepfakes,834_852_dft.png,100969406.8,219812.75,309725.75,152981.75
Deepfakes,835_651_dft.png,105715636.5,716563.5,468270.5,374857.5
Deepfakes,836_950_dft.png,73859395.5,167064.5,241270.5,114291.5
Deepfakes,837_890_dft.png,80967085.75,172308.75,222437.75,104068.75
Deepfakes,838_810_dft.png,91498147.75,168454.75,222673.75,94230.75
Deepfakes,839_864_dft.png,100358840.3,363193.25,237619.25,147562.25
Deepfakes,840_800_dft.png,99225969,517926,328532,251795
Deepfakes,841_639_dft.png,86036875.75,499797.75,258554.75,211206.75
Deepfakes,842_714_dft.png,80958172.75,136923.75,133088.75,59235.75
Deepfakes,843_859_dft.png,88299863.25,232234.25,282927.25,154772.25
Deepfakes,844_797_dft.png,104352254.3,235453.25,291360.25,165837.25
Deepfakes,845_846_dft.png,82592140,279292,171405,90705
Deepfakes,846_845_dft.png,77231314.5,131056.5,141331.5,62059.5
Deepfakes,847_906_dft.png,61241392.5,133785.5,130495.5,59716.5
Deepfakes,848_894_dft.png,64069679,242786,270084,121595
Deepfakes,849_771_dft.png,89558168.5,286951.5,198452.5,131719.5
Deepfakes,850_764_dft.png,79284047,135057,156617,58605
Deepfakes,851_552_dft.png,73473747,195403,157058,74066
Deepfakes,852_834_dft.png,90889440.25,505958.25,584996.25,422382.25
Deepfakes,853_863_dft.png,85979314.25,118144.25,154328.25,66194.25
Deepfakes,854_747_dft.png,81032155.75,667818.75,357646.75,286239.75
Deepfakes,855_801_dft.png,99806817,305520,173175,105984
Deepfakes,856_881_dft.png,89222992.75,536101.75,400688.75,336899.75
Deepfakes,857_909_dft.png,138434188,842174,577416,469994
Deepfakes,858_861_dft.png,92684230.25,247344.25,326388.25,170788.25
Deepfakes,859_843_dft.png,108499381.3,373638.25,599826.25,190909.25
Deepfakes,860_905_dft.png,65974192.75,331046.75,325407.75,229921.75
Deepfakes,861_858_dft.png,121204756.8,191550.75,352972.75,151690.75
Deepfakes,862_047_dft.png,98770466,441511,528604,342113
Deepfakes,863_853_dft.png,68740625.25,111394.25,119101.25,48048.25
Deepfakes,864_839_dft.png,91283485,158371,199585,93243
Deepfakes,865_739_dft.png,89121720.5,129763.5,171637.5,64280.5
Deepfakes,866_878_dft.png,73092097,184039,192265,116281
Deepfakes,867_765_dft.png,91372619.25,111525.25,148083.25,56401.25
Deepfakes,868_949_dft.png,90269582.25,402759.25,223932.25,146079.25
Deepfakes,869_780_dft.png,83327112.5,175091.5,212971.5,95680.5
Deepfakes,870_001_dft.png,78137614,209126,194160,108634
Deepfakes,871_814_dft.png,70582380.5,111241.5,132077.5,60322.5
Deepfakes,872_873_dft.png,84972797,168971,196679,107089
Deepfakes,873_872_dft.png,81885955,310036,285355,197850
Deepfakes,874_291_dft.png,80695695.25,152934.25,260962.25,78033.25
Deepfakes,875_979_dft.png,70748913,190600,184132,84167
Deepfakes,876_891_dft.png,83971892.5,521523.5,518429.5,431454.5
Deepfakes,877_886_dft.png,72711416.75,298843.75,331348.75,203359.75
Deepfakes,878_866_dft.png,64399587,182724,145463,64590
Deepfakes,879_963_dft.png,92284336.5,331475.5,317522.5,222271.5
Deepfakes,880_135_dft.png,54495432.5,233697.5,226180.5,144393.5
Deepfakes,881_856_dft.png,98616611.5,274046.5,480435.5,227104.5
Deepfakes,882_952_dft.png,61444026,136191,167279,65442
Deepfakes,883_013_dft.png,92517957,97947,226333,66857
Deepfakes,884_968_dft.png,107246175,121412,175096,86843
Deepfakes,885_802_dft.png,103775551,296965,308799,224625
Deepfakes,886_877_dft.png,80335988.75,138739.75,142456.75,88335.75
Deepfakes,887_275_dft.png,102860222.5,243777.5,162856.5,41683.5
Deepfakes,888_937_dft.png,85831537,208445,177554,121642
Deepfakes,889_045_dft.png,81903504,100380,123804,48786
Deepfakes,890_837_dft.png,77474496.75,105368.75,115003.75,44123.75
Deepfakes,891_876_dft.png,98243852.25,173998.25,220227.25,105995.25
Deepfakes,892_112_dft.png,62037422,222501,195971,109378
Deepfakes,893_913_dft.png,92639456,249042,206704,145958
Deepfakes,894_848_dft.png,70803511.25,245396.25,297200.25,231455.25
Deepfakes,895_915_dft.png,73932407.5,148963.5,240886.5,91696.5
Deepfakes,896_128_dft.png,103657147.5,696243.5,608244.5,359550.5
Deepfakes,897_969_dft.png,120076601.3,913628.25,325254.25,273631.25
Deepfakes,898_922_dft.png,102257322.8,588802.75,659392.75,204524.75
Deepfakes,899_914_dft.png,87974706.75,186405.75,197978.75,127385.75
Deepfakes,900_926_dft.png,106422204.5,300516.5,253194.5,152634.5
Deepfakes,901_902_dft.png,71442824.75,267327.75,461137.75,206642.75
Deepfakes,902_901_dft.png,84963906.75,512047.75,347236.75,257525.75
Deepfakes,903_792_dft.png,81112763,116577,127205,53729
Deepfakes,904_046_dft.png,96963342.25,85427.25,93505.25,41768.25
Deepfakes,905_860_dft.png,102024158,165028,303622,92806
Deepfakes,906_847_dft.png,80345325.5,324148.5,424593.5,386020.5
Deepfakes,907_795_dft.png,68066949,160911,151980,87596
Deepfakes,908_207_dft.png,104003349.8,156660.75,239318.75,107811.75
Deepfakes,909_857_dft.png,80352596.25,344670.25,313163.25,208969.25
Deepfakes,910_911_dft.png,93280172,291829,363456,203689
Deepfakes,911_910_dft.png,87845980.25,271018.25,573040.25,208838.25
Deepfakes,912_927_dft.png,84782403.75,349055.75,166427.75,82893.75
Deepfakes,913_893_dft.png,86764038.75,210425.75,204915.75,131080.75
Deepfakes,914_899_dft.png,99580605.5,513362.5,300933.5,182744.5
Deepfakes,915_895_dft.png,101713526.8,238135.75,179145.75,110144.75
Deepfakes,916_783_dft.png,68768045.75,191665.75,178568.75,113810.75
Deepfakes,917_924_dft.png,94850512.25,282615.25,93682.25,36951.25
Deepfakes,918_934_dft.png,66651868.5,190278.5,205313.5,107935.5
Deepfakes,919_015_dft.png,123410426.8,190500.75,288897.75,139031.75
Deepfakes,920_811_dft.png,57946646.5,184245.5,246549.5,85848.5
Deepfakes,921_569_dft.png,59760878.5,189173.5,199293.5,101362.5
Deepfakes,922_898_dft.png,85866383,155791,173929,94745
Deepfakes,923_023_dft.png,92080984.5,257650.5,329421.5,176401.5
Deepfakes,924_917_dft.png,113927297,360049,465067,289089
Deepfakes,925_933_dft.png,90340040.5,226613.5,272918.5,141479.5
Deepfakes,926_900_dft.png,99311076.5,331634.5,184709.5,116347.5
Deepfakes,927_912_dft.png,104988054,400125,390207,187006
Deepfakes,928_160_dft.png,86391831.5,702412.5,236424.5,161135.5
Deepfakes,929_962_dft.png,90379277.5,478402.5,437407.5,406138.5
Deepfakes,930_763_dft.png,129072999,236814,261862,94177
Deepfakes,931_936_dft.png,92582340.75,111020.75,123540.75,60966.75
Deepfakes,932_384_dft.png,80889719.5,196421.5,243389.5,106247.5
Deepfakes,933_925_dft.png,82414905,238116,274039,175666
Deepfakes,934_918_dft.png,104675850.3,297032.25,348616.25,252680.25
Deepfakes,935_733_dft.png,69421501.75,144745.75,141227.75,58753.75
Deepfakes,936_931_dft.png,81899907.5,79197.5,113393.5,37069.5
Deepfakes,937_888_dft.png,88620152.5,169967.5,191262.5,117213.5
Deepfakes,938_987_dft.png,100594020.5,181859.5,232761.5,119594.5
Deepfakes,939_115_dft.png,120913134.5,653045.5,513792.5,506517.5
Deepfakes,940_941_dft.png,75887271,259497,187775,99559
Deepfakes,941_940_dft.png,78089468.5,238753.5,268039.5,144266.5
Deepfakes,942_943_dft.png,74991814.75,197586.75,191750.75,126872.75
Deepfakes,943_942_dft.png,87542251.5,379919.5,428265.5,229485.5
Deepfakes,944_032_dft.png,94588085,400314,287761,228596
Deepfakes,945_044_dft.png,78709284.25,168002.25,170578.25,96208.25
Deepfakes,946_049_dft.png,74647242.25,159575.25,140048.25,69539.25
Deepfakes,947_951_dft.png,83264670,160146,154405,83239
Deepfakes,948_965_dft.png,98053366,199536,257449,86841
Deepfakes,949_868_dft.png,105709581.5,392366.5,345932.5,254595.5
Deepfakes,950_836_dft.png,64525251.5,192914.5,216562.5,111963.5
Deepfakes,951_947_dft.png,105677772.8,381771.75,298962.75,247927.75
Deepfakes,952_882_dft.png,64848421.25,127777.25,187117.25,66721.25
Deepfakes,953_974_dft.png,75176966,157136,213770,91356
Deepfakes,954_976_dft.png,92738567.25,260643.25,122080.25,50186.25
Deepfakes,955_078_dft.png,95738552.5,133388.5,125147.5,52299.5
Deepfakes,956_958_dft.png,73820431.5,209619.5,198738.5,119410.5
Deepfakes,957_959_dft.png,77137417.25,146261.25,140266.25,88876.25
Deepfakes,958_956_dft.png,98497112.75,207671.75,239649.75,104544.75
Deepfakes,959_957_dft.png,77538539.5,171029.5,224661.5,106205.5
Deepfakes,960_999_dft.png,90092812.75,156061.75,176930.75,92805.75
Deepfakes,961_069_dft.png,82934306.25,180634.25,120458.25,68282.25
Deepfakes,962_929_dft.png,98660501.75,273235.75,326209.75,195961.75
Deepfakes,963_879_dft.png,81081932,304584,327745,240811
Deepfakes,964_174_dft.png,98560930.25,419408.25,201500.25,149816.25
Deepfakes,965_948_dft.png,81947378,660889,295710,234205
Deepfakes,966_988_dft.png,116458883.5,232315.5,303093.5,148193.5
Deepfakes,967_984_dft.png,85614051.5,181010.5,247825.5,145046.5
Deepfakes,968_884_dft.png,70318442,221109,258955,147818
Deepfakes,969_897_dft.png,107118975.3,477338.25,400433.25,258662.25
Deepfakes,970_973_dft.png,107257228,370714,328440,160870
Deepfakes,971_564_dft.png,74667320.5,207431.5,191169.5,95236.5
Deepfakes,972_718_dft.png,62415911,218572,191828,90561
Deepfakes,973_970_dft.png,92158407.5,184967.5,378711.5,117699.5
Deepfakes,974_953_dft.png,90830440.75,93697.75,215229.75,49458.75
Deepfakes,975_978_dft.png,72547750.5,306346.5,381182.5,209128.5
Deepfakes,976_954_dft.png,87490958.25,298629.25,163586.25,67549.25
Deepfakes,977_075_dft.png,73741145.25,119273.25,149694.25,52626.25
Deepfakes,978_975_dft.png,86542833.25,249433.25,278328.25,164886.25
Deepfakes,979_875_dft.png,92099023.5,409482.5,402457.5,266724.5
Deepfakes,980_992_dft.png,100520484.8,484945.75,211274.75,133987.75
Deepfakes,981_985_dft.png,104600934.5,174819.5,368253.5,74020.5
Deepfakes,982_004_dft.png,81783117.25,276599.25,578257.25,219765.25
Deepfakes,983_113_dft.png,82795797,177151,407460,105566
Deepfakes,984_967_dft.png,71977605.5,162030.5,287858.5,84273.5
Deepfakes,985_981_dft.png,97138261.5,300413.5,285535.5,206649.5
Deepfakes,986_994_dft.png,76896835.75,250498.75,269523.75,158418.75
Deepfakes,987_938_dft.png,86819631.5,152521.5,241757.5,98111.5
Deepfakes,988_966_dft.png,95201950.75,462092.75,266811.75,200225.75
Deepfakes,989_993_dft.png,116738704.3,386597.25,296080.25,165043.25
Deepfakes,990_008_dft.png,99493406.5,296845.5,271148.5,148801.5
Deepfakes,991_064_dft.png,83439998,342382,204261,92703
Deepfakes,992_980_dft.png,121577095.5,95192.5,240214.5,25639.5
Deepfakes,993_989_dft.png,78363292,115708,110076,46266
Deepfakes,994_986_dft.png,113989731,306432,256861,104254
Deepfakes,995_233_dft.png,105875945.3,132068.25,236288.25,85157.25
Deepfakes,996_056_dft.png,100969145.5,122129.5,305025.5,66239.5
Deepfakes,997_040_dft.png,95199313.5,202476.5,362523.5,143504.5
Deepfakes,998_561_dft.png,75120693.25,157674.25,244541.25,92618.25
Deepfakes,999_960_dft.png,88752896.25,156629.25,151385.25,84366.25
